Workbook

Sheet Hoevelaken-adressenlijst
A1: postcode | B1: huisnummer | C1: toevoeging | D1: straat | E1: plaats | F1: Aantal | G1: P Geb | H1: Longitude | I1: Latitude
A2: 3871AD | B2: 2 | C2: A | D2: Oosterdorpsstraat | E2: Hoevelaken | F2: =COUNTIFS($D$2:D2,D2) -> 1 | G2: =LEFT(A2,5) -> 3871A | H2: 5.4586321 | I2: 52.175837 | J2: 3871 AD | K2: 2a | L2: Oosterdorpsstraat | M2: Hoevelaken
A3: 3871AD | B3: 4 | C3: A | D3: Oosterdorpsstraat | E3: Hoevelaken | F3: =COUNTIFS($D$2:D3,D3) -> 2 | G3: =LEFT(A3,5) -> 3871A | H3: 5.4588457 | I3: 52.175815 | J3: 3871 AD | K3: 4a | L3: Oosterdorpsstraat | M3: Hoevelaken
A4: 3871AD | B4: 4 | D4: Oosterdorpsstraat | E4: Hoevelaken | F4: =COUNTIFS($D$2:D4,D4) -> 3 | G4: =LEFT(A4,5) -> 3871A | H4: 5.4586478 | I4: 52.175794 | J4: 3871 AD | K4: 4 | L4: Oosterdorpsstraat | M4: Hoevelaken
A5: 3871AD | B5: 6 | C5: A | D5: Oosterdorpsstraat | E5: Hoevelaken | F5: =COUNTIFS($D$2:D5,D5) -> 4 | G5: =LEFT(A5,5) -> 3871A | H5: 5.4589088 | I5: 52.175677 | J5: 3871 AD | K5: 6a | L5: Oosterdorpsstraat | M5: Hoevelaken
A6: 3871AD | B6: 6 | D6: Oosterdorpsstraat | E6: Hoevelaken | F6: =COUNTIFS($D$2:D6,D6) -> 5 | G6: =LEFT(A6,5) -> 3871A | H6: 5.4588772 | I6: 52.175753 | J6: 3871 AD | K6: 6 | L6: Oosterdorpsstraat | M6: Hoevelaken
A7: 3871AD | B7: 8 | D7: Oosterdorpsstraat | E7: Hoevelaken | F7: =COUNTIFS($D$2:D7,D7) -> 6 | G7: =LEFT(A7,5) -> 3871A | H7: 5.4586656 | I7: 52.175753 | J7: 3871 AD | K7: 8 | L7: Oosterdorpsstraat | M7: Hoevelaken
A8: 3871AD | B8: 10 | D8: Oosterdorpsstraat | E8: Hoevelaken | F8: =COUNTIFS($D$2:D8,D8) -> 7 | G8: =LEFT(A8,5) -> 3871A | H8: 5.4588138 | I8: 52.175661 | J8: 3871 AD | K8: 10 | L8: Oosterdorpsstraat | M8: Hoevelaken
A9: 3871AD | B9: 12 | D9: Oosterdorpsstraat | E9: Hoevelaken | F9: =COUNTIFS($D$2:D9,D9) -> 8 | G9: =LEFT(A9,5) -> 3871A | H9: 5.459359 | I9: 52.175936 | J9: 3871 AD | K9: 12 | L9: Oosterdorpsstraat | M9: Hoevelaken
A10: 3871AD | B10: 14 | D10: Oosterdorpsstraat | E10: Hoevelaken | F10: =COUNTIFS($D$2:D10,D10) -> 9 | G10: =LEFT(A10,5) -> 3871A | H10: 5.4593693 | I10: 52.175895 | J10: 3871 AD | K10: 14 | L10: Oosterdorpsstraat | M10: Hoevelaken
A11: 3871AD | B11: 18 | D11: Oosterdorpsstraat | E11: Hoevelaken | F11: =COUNTIFS($D$2:D11,D11) -> 10 | G11: =LEFT(A11,5) -> 3871A | H11: 5.4604029 | I11: 52.175975 | J11: 3871 AD | K11: 18 | L11: Oosterdorpsstraat | M11: Hoevelaken
A12: 3871AD | B12: 22 | C12: A | D12: Oosterdorpsstraat | E12: Hoevelaken | F12: =COUNTIFS($D$2:D12,D12) -> 11 | G12: =LEFT(A12,5) -> 3871A | H12: 5.4609585 | I12: 52.17601 | J12: 3871 AD | K12: 22a | L12: Oosterdorpsstraat | M12: Hoevelaken
A13: 3871AD | B13: 22 | D13: Oosterdorpsstraat | E13: Hoevelaken | F13: =COUNTIFS($D$2:D13,D13) -> 12 | G13: =LEFT(A13,5) -> 3871A | H13: 5.4607538 | I13: 52.176001 | J13: 3871 AD | K13: 22 | L13: Oosterdorpsstraat | M13: Hoevelaken
A14: 3871AD | B14: 24 | D14: Oosterdorpsstraat | E14: Hoevelaken | F14: =COUNTIFS($D$2:D14,D14) -> 13 | G14: =LEFT(A14,5) -> 3871A | H14: 5.4613093 | I14: 52.175956 | J14: 3871 AD | K14: 24 | L14: Oosterdorpsstraat | M14: Hoevelaken
A15: 3871AD | B15: 26 | D15: Oosterdorpsstraat | E15: Hoevelaken | F15: =COUNTIFS($D$2:D15,D15) -> 14 | G15: =LEFT(A15,5) -> 3871A | H15: 5.4616893 | I15: 52.17592 | J15: 3871 AD | K15: 26 | L15: Oosterdorpsstraat | M15: Hoevelaken
A16: 3871AD | B16: 28 | D16: Oosterdorpsstraat | E16: Hoevelaken | F16: =COUNTIFS($D$2:D16,D16) -> 15 | G16: =LEFT(A16,5) -> 3871A | H16: 5.4618939 | I16: 52.175884 | J16: 3871 AD | K16: 28 | L16: Oosterdorpsstraat | M16: Hoevelaken
A17: 3871AD | B17: 32 | D17: Oosterdorpsstraat | E17: Hoevelaken | F17: =COUNTIFS($D$2:D17,D17) -> 16 | G17: =LEFT(A17,5) -> 3871A | H17: 5.4621278 | I17: 52.175866 | J17: 3871 AD | K17: 32 | L17: Oosterdorpsstraat | M17: Hoevelaken
A18: 3871AD | B18: 34 | D18: Oosterdorpsstraat | E18: Hoevelaken | F18: =COUNTIFS($D$2:D18,D18) -> 17 | G18: =LEFT(A18,5) -> 3871A | H18: 5.4621863 | I18: 52.175857 | J18: 3871 AD | K18: 34 | L18: Oosterdorpsstraat | M18: Hoevelaken
A19: 3871AD | B19: 36 | D19: Oosterdorpsstraat | E19: Hoevelaken | F19: =COUNTIFS($D$2:D19,D19) -> 18 | G19: =LEFT(A19,5) -> 3871A | H19: 5.4622301 | I19: 52.175857 | J19: 3871 AD | K19: 36 | L19: Oosterdorpsstraat | M19: Hoevelaken
A20: 3871AD | B20: 40 | D20: Oosterdorpsstraat | E20: Hoevelaken | F20: =COUNTIFS($D$2:D20,D20) -> 19 | G20: =LEFT(A20,5) -> 3871A | H20: 5.46299 | I20: 52.175658 | J20: 3871 AD | K20: 40 | L20: Oosterdorpsstraat | M20: Hoevelaken
A21: 3871AD | B21: 46 | D21: Oosterdorpsstraat | E21: Hoevelaken | F21: =COUNTIFS($D$2:D21,D21) -> 20 | G21: =LEFT(A21,5) -> 3871A | H21: 5.463253 | I21: 52.175577 | J21: 3871 AD | K21: 46 | L21: Oosterdorpsstraat | M21: Hoevelaken
A22: 3871AD | B22: 48 | D22: Oosterdorpsstraat | E22: Hoevelaken | F22: =COUNTIFS($D$2:D22,D22) -> 21 | G22: =LEFT(A22,5) -> 3871A | H22: 5.46356 | I22: 52.175568 | J22: 3871 AD | K22: 48 | L22: Oosterdorpsstraat | M22: Hoevelaken
A23: 3871AE | B23: 50 | D23: Oosterdorpsstraat | E23: Hoevelaken | F23: =COUNTIFS($D$2:D23,D23) -> 22 | G23: =LEFT(A23,5) -> 3871A | H23: 5.4637207 | I23: 52.175532 | J23: 3871 AE | K23: 50 | L23: Oosterdorpsstraat | M23: Hoevelaken
A24: 3871AE | B24: 52 | D24: Oosterdorpsstraat | E24: Hoevelaken | F24: =COUNTIFS($D$2:D24,D24) -> 23 | G24: =LEFT(A24,5) -> 3871A | H24: 5.4639692 | I24: 52.175478 | J24: 3871 AE | K24: 52 | L24: Oosterdorpsstraat | M24: Hoevelaken
... A44: 3871AG | B44: 100 | D44: Oosterdorpsstraat | E44: Hoevelaken | F44: =COUNTIFS($D$2:D44,D44) -> 43 | G44: =LEFT(A44,5) -> 3871A | H44: 5.4680106 | I44: 52.175194 | J44: 3871 AG | K44: 100 | L44: Oosterdorpsstraat | M44: Hoevelaken
A45: 3871AG | B45: 102 | C45: A | D45: Oosterdorpsstraat | E45: Hoevelaken | F45: =COUNTIFS($D$2:D45,D45) -> 44 | G45: =LEFT(A45,5) -> 3871A | H45: 5.4684567 | I45: 52.175169 | J45: 3871 AG | K45: 102a | L45: Oosterdorpsstraat | M45: Hoevelaken
A46: 3871AG | B46: 104 | D46: Oosterdorpsstraat | E46: Hoevelaken | F46: =COUNTIFS($D$2:D46,D46) -> 45 | G46: =LEFT(A46,5) -> 3871A | H46: 5.4687636 | I46: 52.175106 | J46: 3871 AG | K46: 104 | L46: Oosterdorpsstraat | M46: Hoevelaken
A47: 3871AG | B47: 106 | D47: Oosterdorpsstraat | E47: Hoevelaken | F47: =COUNTIFS($D$2:D47,D47) -> 46 | G47: =LEFT(A47,5) -> 3871A | H47: 5.4689975 | I47: 52.175106 | J47: 3871 AG | K47: 106 | L47: Oosterdorpsstraat | M47: Hoevelaken
A48: 3871AG | B48: 108 | D48: Oosterdorpsstraat | E48: Hoevelaken | F48: =COUNTIFS($D$2:D48,D48) -> 47 | G48: =LEFT(A48,5) -> 3871A | H48: 5.4692314 | I48: 52.175097 | J48: 3871 AG | K48: 108 | L48: Oosterdorpsstraat | M48: Hoevelaken
A49: 3871AG | B49: 110 | D49: Oosterdorpsstraat | E49: Hoevelaken | F49: =COUNTIFS($D$2:D49,D49) -> 48 | G49: =LEFT(A49,5) -> 3871A | H49: 5.4695113 | I49: 52.175122 | J49: 3871 AG | K49: 110 | L49: Oosterdorpsstraat | M49: Hoevelaken
A50: 3871AG | B50: 112 | D50: Oosterdorpsstraat | E50: Hoevelaken | F50: =COUNTIFS($D$2:D50,D50) -> 49 | G50: =LEFT(A50,5) -> 3871A | H50: 5.4696749 | I50: 52.175139 | J50: 3871 AG | K50: 112 | L50: Oosterdorpsstraat | M50: Hoevelaken
A51: 3871AG | B51: 114 | D51: Oosterdorpsstraat | E51: Hoevelaken | F51: =COUNTIFS($D$2:D51,D51) -> 50 | G51: =LEFT(A51,5) -> 3871A | H51: 5.4697606 | I51: 52.175121 | J51: 3871 AG | K51: 114 | L51: Oosterdorpsstraat | M51: Hoevelaken
A52: 3871AG | B52: 116 | D52: Oosterdorpsstraat | E52: Hoevelaken | F52: =COUNTIFS($D$2:D52,D52) -> 51 | G52: =LEFT(A52,5) -> 3871A | H52: 5.4698445 | I52: 52.175108 | J52: 3871 AG | K52: 116 | L52: Oosterdorpsstraat | M52: Hoevelaken
A53: 3871AG | B53: 118 | D53: Oosterdorpsstraat | E53: Hoevelaken | F53: =COUNTIFS($D$2:D53,D53) -> 52 | G53: =LEFT(A53,5) -> 3871A | H53: 5.4702401 | I53: 52.175087 | J53: 3871 AG | K53: 118 | L53: Oosterdorpsstraat | M53: Hoevelaken
A54: 3871AG | B54: 120 | D54: Oosterdorpsstraat | E54: Hoevelaken | F54: =COUNTIFS($D$2:D54,D54) -> 53 | G54: =LEFT(A54,5) -> 3871A | H54: 5.4703499 | I54: 52.17512 | J54: 3871 AG | K54: 120 | L54: Oosterdorpsstraat | M54: Hoevelaken
A55: 3871AG | B55: 122 | C55: A | D55: Oosterdorpsstraat | E55: Hoevelaken | F55: =COUNTIFS($D$2:D55,D55) -> 54 | G55: =LEFT(A55,5) -> 3871A | H55: 5.4709795 | I55: 52.175124 | J55: 3871 AG | K55: 122a | L55: Oosterdorpsstraat | M55: Hoevelaken
A56: 3871AG | B56: 122 | D56: Oosterdorpsstraat | E56: Hoevelaken | F56: =COUNTIFS($D$2:D56,D56) -> 55 | G56: =LEFT(A56,5) -> 3871A | H56: 5.4706868 | I56: 52.175104 | J56: 3871 AG | K56: 122 | L56: Oosterdorpsstraat | M56: Hoevelaken
A57: 3871AG | B57: 124 | D57: Oosterdorpsstraat | E57: Hoevelaken | F57: =COUNTIFS($D$2:D57,D57) -> 56 | G57: =LEFT(A57,5) -> 3871A | H57: 5.4712635 | I57: 52.175113 | J57: 3871 AG | K57: 124 | L57: Oosterdorpsstraat | M57: Hoevelaken
A58: 3871AG | B58: 124 | C58: A | D58: Oosterdorpsstraat | E58: Hoevelaken | F58: =COUNTIFS($D$2:D58,D58) -> 57 | G58: =LEFT(A58,5) -> 3871A | H58: 5.4713336 | I58: 52.175146 | J58: 3871 AG | K58: 124a | L58: Oosterdorpsstraat | M58: Hoevelaken
A59: 3871AG | B59: 126 | D59: Oosterdorpsstraat | E59: Hoevelaken | F59: =COUNTIFS($D$2:D59,D59) -> 58 | G59: =LEFT(A59,5) -> 3871A | H59: 5.4715367 | I59: 52.175144 | J59: 3871 AG | K59: 126 | L59: Oosterdorpsstraat | M59: Hoevelaken
A60: 3871AG | B60: 138 | D60: Oosterdorpsstraat | E60: Hoevelaken | F60: =COUNTIFS($D$2:D60,D60) -> 59 | G60: =LEFT(A60,5) -> 3871A | H60: 5.4722724 | I60: 52.17523 | J60: 3871 AG | K60: 138 | L60: Oosterdorpsstraat | M60: Hoevelaken
A61: 3871AT | B61: 9 | C61: C | D61: Westerdorpsstraat | E61: Hoevelaken | F61: =COUNTIFS($D$2:D61,D61) -> 1 | G61: =LEFT(A61,5) -> 3871A | H61: 5.4565094 | I61: 52.175466 | J61: 3871 AT | K61: 9c | L61: Westerdorpsstraat | M61: Hoevelaken
A62: 3871AT | B62: 11 | C62: I | D62: Westerdorpsstraat | E62: Hoevelaken | F62: =COUNTIFS($D$2:D62,D62) -> 2 | G62: =LEFT(A62,5) -> 3871A | H62: 5.4562892 | I62: 52.175469 | J62: 3871 AT | K62: 11-I | L62: Westerdorpsstraat | M62: Hoevelaken
A63: 3871AT | B63: 29 | C63: B | D63: Westerdorpsstraat | E63: Hoevelaken | F63: =COUNTIFS($D$2:D63,D63) -> 3 | G63: =LEFT(A63,5) -> 3871A | H63: 5.4546462 | I63: 52.17514 | J63: 3871 AT | K63: 29b | L63: Westerdorpsstraat | M63: Hoevelaken
A64: 3871AT | B64: 31 | D64: Westerdorpsstraat | E64: Hoevelaken | F64: =COUNTIFS($D$2:D64,D64) -> 4 | G64: =LEFT(A64,5) -> 3871A | H64: 5.4547266 | I64: 52.175218 | J64: 3871 AT | K64: 31 | L64: Westerdorpsstraat | M64: Hoevelaken
A65: 3871AT | B65: 31 | C65: B | D65: Westerdorpsstraat | E65: Hoevelaken | F65: =COUNTIFS($D$2:D65,D65) -> 5 | G65: =LEFT(A65,5) -> 3871A | H65: 5.4547422 | I65: 52.175165 | J65: 3871 AT | K65: 31b | L65: Westerdorpsstraat | M65: Hoevelaken
A66: 3871AT | B66: 41 | D66: Westerdorpsstraat | E66: Hoevelaken | F66: =COUNTIFS($D$2:D66,D66) -> 6 | G66: =LEFT(A66,5) -> 3871A | H66: 5.4538374 | I66: 52.175044 | J66: 3871 AT | K66: 41 | L66: Westerdorpsstraat | M66: Hoevelaken
A67: 3871AT | B67: 43 | D67: Westerdorpsstraat | E67: Hoevelaken | F67: =COUNTIFS($D$2:D67,D67) -> 7 | G67: =LEFT(A67,5) -> 3871A | H67: 5.4537204 | I67: 52.175026 | J67: 3871 AT | K67: 43 | L67: Westerdorpsstraat | M67: Hoevelaken
A68: 3871AT | B68: 45 | D68: Westerdorpsstraat | E68: Hoevelaken | F68: =COUNTIFS($D$2:D68,D68) -> 8 | G68: =LEFT(A68,5) -> 3871A | H68: 5.4535596 | I68: 52.174999 | J68: 3871 AT | K68: 45 | L68: Westerdorpsstraat | M68: Hoevelaken
A69: 3871AT | B69: 47 | D69: Westerdorpsstraat | E69: Hoevelaken | F69: =COUNTIFS($D$2:D69,D69) -> 9 | G69: =LEFT(A69,5) -> 3871A | H69: 5.4534426 | I69: 52.174981 | J69: 3871 AT | K69: 47 | L69: Westerdorpsstraat | M69: Hoevelaken
A70: 3871AT | B70: 49 | D70: Westerdorpsstraat | E70: Hoevelaken | F70: =COUNTIFS($D$2:D70,D70) -> 10 | G70: =LEFT(A70,5) -> 3871A | H70: 5.4532818 | I70: 52.174963 | J70: 3871 AT | K70: 49 | L70: Westerdorpsstraat | M70: Hoevelaken
A71: 3871AV | B71: 51 | D71: Westerdorpsstraat | E71: Hoevelaken | F71: =COUNTIFS($D$2:D71,D71) -> 11 | G71: =LEFT(A71,5) -> 3871A | H71: 5.4531648 | I71: 52.174945 | J71: 3871 AV | K71: 51 | L71: Westerdorpsstraat | M71: Hoevelaken
A72: 3871AV | B72: 53 | D72: Westerdorpsstraat | E72: Hoevelaken | F72: =COUNTIFS($D$2:D72,D72) -> 12 | G72: =LEFT(A72,5) -> 3871A | H72: 5.4530039 | I72: 52.174909 | J72: 3871 AV | K72: 53 | L72: Westerdorpsstraat | M72: Hoevelaken
A73: 3871AV | B73: 55 | D73: Westerdorpsstraat | E73: Hoevelaken | F73: =COUNTIFS($D$2:D73,D73) -> 13 | G73: =LEFT(A73,5) -> 3871A | H73: 5.4526383 | I73: 52.17482 | J73: 3871 AV | K73: 55 | L73: Westerdorpsstraat | M73: Hoevelaken
A74: 3871AV | B74: 57 | D74: Westerdorpsstraat | E74: Hoevelaken | F74: =COUNTIFS($D$2:D74,D74) -> 14 | G74: =LEFT(A74,5) -> 3871A | H74: 5.4525359 | I74: 52.174802 | J74: 3871 AV | K74: 57 | L74: Westerdorpsstraat | M74: Hoevelaken
A75: 3871AV | B75: 59 | D75: Westerdorpsstraat | E75: Hoevelaken | F75: =COUNTIFS($D$2:D75,D75) -> 15 | G75: =LEFT(A75,5) -> 3871A | H75: 5.4522727 | I75: 52.174739 | J75: 3871 AV | K75: 59 | L75: Westerdorpsstraat | M75: Hoevelaken
A76: 3871AV | B76: 61 | D76: Westerdorpsstraat | E76: Hoevelaken | F76: =COUNTIFS($D$2:D76,D76) -> 16 | G76: =LEFT(A76,5) -> 3871A | H76: 5.4520826 | I76: 52.174721 | J76: 3871 AV | K76: 61 | L76: Westerdorpsstraat | M76: Hoevelaken
A77: 3871AV | B77: 61 | C77: B | D77: Westerdorpsstraat | E77: Hoevelaken | F77: =COUNTIFS($D$2:D77,D77) -> 17 | G77: =LEFT(A77,5) -> 3871A | H77: 5.4517025 | I77: 52.174685 | J77: 3871 AV | K77: 61b | L77: Westerdorpsstraat | M77: Hoevelaken
A78: 3871AV | B78: 61 | C78: A | D78: Westerdorpsstraat | E78: Hoevelaken | F78: =COUNTIFS($D$2:D78,D78) -> 18 | G78: =LEFT(A78,5) -> 3871A | H78: 5.4518341 | I78: 52.174703 | J78: 3871 AV | K78: 61a | L78: Westerdorpsstraat | M78: Hoevelaken
A79: 3871AV | B79: 63 | D79: Westerdorpsstraat | E79: Hoevelaken | F79: =COUNTIFS($D$2:D79,D79) -> 19 | G79: =LEFT(A79,5) -> 3871A | H79: 5.4513662 | I79: 52.174632 | J79: 3871 AV | K79: 63 | L79: Westerdorpsstraat | M79: Hoevelaken
A80: 3871AV | B80: 71 | D80: Westerdorpsstraat | E80: Hoevelaken | F80: =COUNTIFS($D$2:D80,D80) -> 20 | G80: =LEFT(A80,5) -> 3871A | H80: 5.4482664 | I80: 52.174247 | J80: 3871 AV | K80: 71 | L80: Westerdorpsstraat | M80: Hoevelaken
A81: 3871AV | B81: 73 | D81: Westerdorpsstraat | E81: Hoevelaken | F81: =COUNTIFS($D$2:D81,D81) -> 21 | G81: =LEFT(A81,5) -> 3871A | H81: 5.4481787 | I81: 52.174202 | J81: 3871 AV | K81: 73 | L81: Westerdorpsstraat | M81: Hoevelaken
A82: 3871AV | B82: 77 | D82: Westerdorpsstraat | E82: Hoevelaken | F82: =COUNTIFS($D$2:D82,D82) -> 22 | G82: =LEFT(A82,5) -> 3871A | H82: 5.4477108 | I82: 52.174148 | J82: 3871 AV | K82: 77 | L82: Westerdorpsstraat | M82: Hoevelaken
A83: 3871AV | B83: 79 | D83: Westerdorpsstraat | E83: Hoevelaken | F83: =COUNTIFS($D$2:D83,D83) -> 23 | G83: =LEFT(A83,5) -> 3871A | H83: 5.4475938 | I83: 52.17413 | J83: 3871 AV | K83: 79 | L83: Westerdorpsstraat | M83: Hoevelaken
A84: 3871AV | B84: 81 | D84: Westerdorpsstraat | E84: Hoevelaken | F84: =COUNTIFS($D$2:D84,D84) -> 24 | G84: =LEFT(A84,5) -> 3871A | H84: 5.4472868 | I84: 52.174095 | J84: 3871 AV | K84: 81 | L84: Westerdorpsstraat | M84: Hoevelaken
A85: 3871AV | B85: 83 | D85: Westerdorpsstraat | E85: Hoevelaken | F85: =COUNTIFS($D$2:D85,D85) -> 25 | G85: =LEFT(A85,5) -> 3871A | H85: 5.4470674 | I85: 52.174068 | J85: 3871 AV | K85: 83 | L85: Westerdorpsstraat | M85: Hoevelaken
A86: 3871AV | B86: 85 | D86: Westerdorpsstraat | E86: Hoevelaken | F86: =COUNTIFS($D$2:D86,D86) -> 26 | G86: =LEFT(A86,5) -> 3871A | H86: 5.4469651 | I86: 52.174059 | J86: 3871 AV | K86: 85 | L86: Westerdorpsstraat | M86: Hoevelaken
A87: 3871AW | B87: 99 | D87: Westerdorpsstraat | E87: Hoevelaken | F87: =COUNTIFS($D$2:D87,D87) -> 27 | G87: =LEFT(A87,5) -> 3871A | H87: 5.4413797 | I87: 52.173207 | J87: 3871 AW | K87: 99 | L87: Westerdorpsstraat | M87: Hoevelaken
A88: 3871AW | B88: 101 | D88: Westerdorpsstraat | E88: Hoevelaken | F88: =COUNTIFS($D$2:D88,D88) -> 28 | G88: =LEFT(A88,5) -> 3871A | H88: 5.44059 | I88: 52.172929 | J88: 3871 AW | K88: 101 | L88: Westerdorpsstraat | M88: Hoevelaken
A89: 3871AW | B89: 103 | D89: Westerdorpsstraat | E89: Hoevelaken | F89: =COUNTIFS($D$2:D89,D89) -> 29 | G89: =LEFT(A89,5) -> 3871A | H89: 5.4402539 | I89: 52.173055 | J89: 3871 AW | K89: 103 | L89: Westerdorpsstraat | M89: Hoevelaken
A90: 3871AW | B90: 105 | D90: Westerdorpsstraat | E90: Hoevelaken | F90: =COUNTIFS($D$2:D90,D90) -> 30 | G90: =LEFT(A90,5) -> 3871A | H90: 5.4400054 | I90: 52.173091 | J90: 3871 AW | K90: 105 | L90: Westerdorpsstraat | M90: Hoevelaken
A91: 3871AW | B91: 105 | C91: A | D91: Westerdorpsstraat | E91: Hoevelaken | F91: =COUNTIFS($D$2:D91,D91) -> 31 | G91: =LEFT(A91,5) -> 3871A | H91: 5.4397276 | I91: 52.17302 | J91: 3871 AW | K91: 105a | L91: Westerdorpsstraat | M91: Hoevelaken
A92: 3871AW | B92: 107 | D92: Westerdorpsstraat | E92: Hoevelaken | F92: =COUNTIFS($D$2:D92,D92) -> 32 | G92: =LEFT(A92,5) -> 3871A | H92: 5.4393328 | I92: 52.172957 | J92: 3871 AW | K92: 107 | L92: Westerdorpsstraat | M92: Hoevelaken
A93: 3871BB | B93: 1 | D93: Kijftenbeltlaan | E93: Hoevelaken | F93: =COUNTIFS($D$2:D93,D93) -> 1 | G93: =LEFT(A93,5) -> 3871B | H93: 5.4530475 | I93: 52.17472 | J93: 3871 BB | K93: 1 | L93: Kijftenbeltlaan | M93: Hoevelaken
A94: 3871BB | B94: 3 | D94: Kijftenbeltlaan | E94: Hoevelaken | F94: =COUNTIFS($D$2:D94,D94) -> 2 | G94: =LEFT(A94,5) -> 3871B | H94: 5.453062 | I94: 52.17464 | J94: 3871 BB | K94: 3 | L94: Kijftenbeltlaan | M94: Hoevelaken
A95: 3871BB | B95: 5 | D95: Kijftenbeltlaan | E95: Hoevelaken | F95: =COUNTIFS($D$2:D95,D95) -> 3 | G95: =LEFT(A95,5) -> 3871B | H95: 5.4530618 | I95: 52.174541 | J95: 3871 BB | K95: 5 | L95: Kijftenbeltlaan | M95: Hoevelaken
A96: 3871BB | B96: 7 | D96: Kijftenbeltlaan | E96: Hoevelaken | F96: =COUNTIFS($D$2:D96,D96) -> 4 | G96: =LEFT(A96,5) -> 3871B | H96: 5.4530617 | I96: 52.174469 | J96: 3871 BB | K96: 7 | L96: Kijftenbeltlaan | M96: Hoevelaken
A97: 3871BB | B97: 13 | D97: Kijftenbeltlaan | E97: Hoevelaken | F97: =COUNTIFS($D$2:D97,D97) -> 5 | G97: =LEFT(A97,5) -> 3871B | H97: 5.4530759 | I97: 52.174136 | J97: 3871 BB | K97: 13 | L97: Kijftenbeltlaan | M97: Hoevelaken
A98: 3871BB | B98: 17 | D98: Kijftenbeltlaan | E98: Hoevelaken | F98: =COUNTIFS($D$2:D98,D98) -> 6 | G98: =LEFT(A98,5) -> 3871B | H98: 5.4531194 | I98: 52.173912 | J98: 3871 BB | K98: 17 | L98: Kijftenbeltlaan | M98: Hoevelaken
A99: 3871BB | B99: 19 | D99: Kijftenbeltlaan | E99: Hoevelaken | F99: =COUNTIFS($D$2:D99,D99) -> 7 | G99: =LEFT(A99,5) -> 3871B | H99: 5.4531193 | I99: 52.173831 | J99: 3871 BB | K99: 19 | L99: Kijftenbeltlaan | M99: Hoevelaken
A100: 3871BB | B100: 21 | D100: Kijftenbeltlaan | E100: Hoevelaken | F100: =COUNTIFS($D$2:D100,D100) -> 8 | G100: =LEFT(A100,5) -> 3871B | H100: 5.4531483 | I100: 52.173696 | J100: 3871 BB | K100: 21 | L100: Kijftenbeltlaan | M100: Hoevelaken
A101: 3871BC | B101: 29 | D101: Kijftenbeltlaan | E101: Hoevelaken | F101: =COUNTIFS($D$2:D101,D101) -> 9 | G101: =LEFT(A101,5) -> 3871B | H101: 5.4529562 | I101: 52.172303 | J101: 3871 BC | K101: 29 | L101: Kijftenbeltlaan | M101: Hoevelaken
A102: 3871BC | B102: 31 | D102: Kijftenbeltlaan | E102: Hoevelaken | F102: =COUNTIFS($D$2:D102,D102) -> 10 | G102: =LEFT(A102,5) -> 3871B | H102: 5.4528394 | I102: 52.172366 | J102: 3871 BC | K102: 31 | L102: Kijftenbeltlaan | M102: Hoevelaken
A103: 3871BC | B103: 33 | D103: Kijftenbeltlaan | E103: Hoevelaken | F103: =COUNTIFS($D$2:D103,D103) -> 11 | G103: =LEFT(A103,5) -> 3871B | H103: 5.4528829 | I103: 52.172177 | J103: 3871 BC | K103: 33 | L103: Kijftenbeltlaan | M103: Hoevelaken
... A153: 3871BG | B153: 7 | D153: van Zuylenlaan | E153: Hoevelaken | F153: =COUNTIFS($D$2:D153,D153) -> 4 | G153: =LEFT(A153,5) -> 3871B | H153: 5.4523581 | I153: 52.173157 | J153: 3871 BG | K153: 7 | L153: van Zuylenlaan | M153: Hoevelaken
A154: 3871BG | B154: 7 | C154: A | D154: van Zuylenlaan | E154: Hoevelaken | F154: =COUNTIFS($D$2:D154,D154) -> 5 | G154: =LEFT(A154,5) -> 3871B | H154: 5.452051 | I154: 52.173094 | J154: 3871 BG | K154: 7a | L154: van Zuylenlaan | M154: Hoevelaken
A155: 3871BG | B155: 9 | D155: van Zuylenlaan | E155: Hoevelaken | F155: =COUNTIFS($D$2:D155,D155) -> 6 | G155: =LEFT(A155,5) -> 3871B | H155: 5.4515247 | I155: 52.173059 | J155: 3871 BG | K155: 9 | L155: van Zuylenlaan | M155: Hoevelaken
A156: 3871BG | B156: 15 | D156: van Zuylenlaan | E156: Hoevelaken | F156: =COUNTIFS($D$2:D156,D156) -> 7 | G156: =LEFT(A156,5) -> 3871B | H156: 5.4509692 | I156: 52.173059 | J156: 3871 BG | K156: 15 | L156: van Zuylenlaan | M156: Hoevelaken
A157: 3871BG | B157: 17 | D157: van Zuylenlaan | E157: Hoevelaken | F157: =COUNTIFS($D$2:D157,D157) -> 8 | G157: =LEFT(A157,5) -> 3871B | H157: 5.4508084 | I157: 52.17305 | J157: 3871 BG | K157: 17 | L157: van Zuylenlaan | M157: Hoevelaken
A158: 3871BG | B158: 19 | D158: van Zuylenlaan | E158: Hoevelaken | F158: =COUNTIFS($D$2:D158,D158) -> 9 | G158: =LEFT(A158,5) -> 3871B | H158: 5.4506053 | I158: 52.173067 | J158: 3871 BG | K158: 19 | L158: van Zuylenlaan | M158: Hoevelaken
A159: 3871BG | B159: 21 | D159: van Zuylenlaan | E159: Hoevelaken | F159: =COUNTIFS($D$2:D159,D159) -> 10 | G159: =LEFT(A159,5) -> 3871B | H159: 5.4504893 | I159: 52.173033 | J159: 3871 BG | K159: 21 | L159: van Zuylenlaan | M159: Hoevelaken
A160: 3871BG | B160: 23 | D160: van Zuylenlaan | E160: Hoevelaken | F160: =COUNTIFS($D$2:D160,D160) -> 11 | G160: =LEFT(A160,5) -> 3871B | H160: 5.4503077 | I160: 52.173052 | J160: 3871 BG | K160: 23 | L160: van Zuylenlaan | M160: Hoevelaken
A161: 3871BG | B161: 25 | D161: van Zuylenlaan | E161: Hoevelaken | F161: =COUNTIFS($D$2:D161,D161) -> 12 | G161: =LEFT(A161,5) -> 3871B | H161: 5.4501571 | I161: 52.173017 | J161: 3871 BG | K161: 25 | L161: van Zuylenlaan | M161: Hoevelaken
A162: 3871BH | B162: 2 | D162: van Zuylenlaan | E162: Hoevelaken | F162: =COUNTIFS($D$2:D162,D162) -> 13 | G162: =LEFT(A162,5) -> 3871B | H162: 5.4521538 | I162: 52.173409 | J162: 3871 BH | K162: 2 | L162: van Zuylenlaan | M162: Hoevelaken
A163: 3871BH | B163: 2 | C163: A | D163: van Zuylenlaan | E163: Hoevelaken | F163: =COUNTIFS($D$2:D163,D163) -> 14 | G163: =LEFT(A163,5) -> 3871B | H163: 5.4537911 | I163: 52.173435 | J163: 3871 BH | K163: 2a | L163: van Zuylenlaan | M163: Hoevelaken
A164: 3871BH | B164: 2 | C164: C | D164: van Zuylenlaan | E164: Hoevelaken | F164: =COUNTIFS($D$2:D164,D164) -> 15 | G164: =LEFT(A164,5) -> 3871B | H164: 5.4523146 | I164: 52.173409 | J164: 3871 BH | K164: 2c | L164: van Zuylenlaan | M164: Hoevelaken
A165: 3871BH | B165: 2 | C165: B | D165: van Zuylenlaan | E165: Hoevelaken | F165: =COUNTIFS($D$2:D165,D165) -> 16 | G165: =LEFT(A165,5) -> 3871B | H165: 5.4536596 | I165: 52.173435 | J165: 3871 BH | K165: 2b | L165: van Zuylenlaan | M165: Hoevelaken
A166: 3871BH | B166: 4 | D166: van Zuylenlaan | E166: Hoevelaken | F166: =COUNTIFS($D$2:D166,D166) -> 17 | G166: =LEFT(A166,5) -> 3871B | H166: 5.4519345 | I166: 52.173364 | J166: 3871 BH | K166: 4 | L166: van Zuylenlaan | M166: Hoevelaken
A167: 3871BH | B167: 6 | D167: van Zuylenlaan | E167: Hoevelaken | F167: =COUNTIFS($D$2:D167,D167) -> 18 | G167: =LEFT(A167,5) -> 3871B | H167: 5.4516859 | I167: 52.173355 | J167: 3871 BH | K167: 6 | L167: van Zuylenlaan | M167: Hoevelaken
A168: 3871BH | B168: 8 | D168: van Zuylenlaan | E168: Hoevelaken | F168: =COUNTIFS($D$2:D168,D168) -> 19 | G168: =LEFT(A168,5) -> 3871B | H168: 5.4509404 | I168: 52.173347 | J168: 3871 BH | K168: 8 | L168: van Zuylenlaan | M168: Hoevelaken
...

Sheet Blad1
A1: # huizen | B1: Straat | C1: bezorger
A2: 10 | B2: Andreaslaan | C2: Fridtjof | D2: =VLOOKUP(B2,'Hoevelaken-adressenlijst'!$A$1:$E$1739,1) -> 3871VM
A3: 6 | B3: Anjerlaan | C3: JanWillem | D3: =VLOOKUP(B3,'Hoevelaken-adressenlijst'!$A$1:$E$1739,1) -> 3871VM
A4: 29 | B4: Asterlaan | C4: Pieter | D4: =VLOOKUP(B4,'Hoevelaken-adressenlijst'!$A$1:$E$1739,1) -> 3871VM
A5: 28 | B5: Beatrixlaan | C5: Monique | D5: =VLOOKUP(B5,'Hoevelaken-adressenlijst'!$A$1:$E$1739,1) -> 3871VM
A6: 1 | B6: Beekmaten | C6: Fridtjof | D6: =VLOOKUP(B6,'Hoevelaken-adressenlijst'!$A$1:$E$1739,1) -> 3871VM
A7: 5 | B7: Bernhardlaan | C7: Monique | D7: =VLOOKUP(B7,'Hoevelaken-adressenlijst'!$A$1:$E$1739,1) -> 3871VM
A8: 5 | B8: Beukenlaan | D8: =VLOOKUP(B8,'Hoevelaken-adressenlijst'!$A$1:$E$1739,1) -> 3871VM
A9: 8 | B9: Beverdam | C9: Pieter | D9: =VLOOKUP(B9,'Hoevelaken-adressenlijst'!$A$1:$E$1739,1) -> 3871VM
A10: 12 | B10: Bijenvlucht | C10: Pieter | D10: =VLOOKUP(B10,'Hoevelaken-adressenlijst'!$A$1:$E$1739,1) -> 3871VM
A11: 23 | B11: Christinapad | C11: Lieske | D11: =VLOOKUP(B11,'Hoevelaken-adressenlijst'!$A$1:$E$1739,1) -> 3871VM
A12: 14 | B12: Clauslaan | C12: Lieske | D12: =VLOOKUP(B12,'Hoevelaken-adressenlijst'!$A$1:$E$1739,1) -> 3871VM
A13: 8 | B13: Constantijngaarde | C13: Lieske | D13: =VLOOKUP(B13,'Hoevelaken-adressenlijst'!$A$1:$E$1739,1) -> 3871VM
A14: 2 | B14: Crocuslaan | D14: =VLOOKUP(B14,'Hoevelaken-adressenlijst'!$A$1:$E$1739,1) -> 3871VM
A15: 15 | B15: Dillenburg | C15: Lieske | D15: =VLOOKUP(B15,'Hoevelaken-adressenlijst'!$A$1:$E$1739,1) -> 3871VM
A16: 38 | B16: Eiberlaan | C16: René | D16: =VLOOKUP(B16,'Hoevelaken-adressenlijst'!$A$1:$E$1739,1) -> 3871VM
A17: 48 | B17: Elzenlaan | C17: Fridtjof | D17: =VLOOKUP(B17,'Hoevelaken-adressenlijst'!$A$1:$E$1739,1) -> 3871VM
A18: 6 | B18: Emmalaan | C18: Monique | D18: =VLOOKUP(B18,'Hoevelaken-adressenlijst'!$A$1:$E$1739,1) -> 3871VM
A19: 54 | B19: Frans Tromplaan | C19: JanWillem | D19: =VLOOKUP(B19,'Hoevelaken-adressenlijst'!$A$1:$E$1739,1) -> 3871VM
A20: 14 | B20: Gravenhof | C20: Lieske | D20: =VLOOKUP(B20,'Hoevelaken-adressenlijst'!$A$1:$E$1739,1) -> 3871VM
A21: 16 | B21: Havikshorst | C21: Pieter | D21: =VLOOKUP(B21,'Hoevelaken-adressenlijst'!$A$1:$E$1739,1) -> 3871VM
A22: 7 | B22: Hazeleger | C22: Pieter | D22: =VLOOKUP(B22,'Hoevelaken-adressenlijst'!$A$1:$E$1739,1) -> 3871VM
A23: 2 | B23: Hemelricplaats | C23: Fridtjof | D23: =VLOOKUP(B23,'Hoevelaken-adressenlijst'!$A$1:$E$1739,1) -> 3871VM
A24: 10 | B24: Heribertlaan | D24: =VLOOKUP(B24,'Hoevelaken-adressenlijst'!$A$1:$E$1739,1) -> 3871VM
A25: 2 | B25: Horstpad | C25: Pieter | D25: =VLOOKUP(B25,'Hoevelaken-adressenlijst'!$A$1:$E$1739,1) -> 3871VM
A26: 22 | B26: Horstweg | C26: Lieske | D26: =VLOOKUP(B26,'Hoevelaken-adressenlijst'!$A$1:$E$1739,1) -> 3871VM
A27: 17 | B27: Ibislaan | C27: René | D27: =VLOOKUP(B27,'Hoevelaken-adressenlijst'!$A$1:$E$1739,1) -> 3871VM
A28: 8 | B28: Irenepad | C28: Lieske | D28: =VLOOKUP(B28,'Hoevelaken-adressenlijst'!$A$1:$E$1739,1) -> 3871VM
A29: 5 | B29: J.J.A. Goeverneurlaan | C29: Tijmen | D29: =VLOOKUP(B29,'Hoevelaken-adressenlijst'!$A$1:$E$1739,1) -> 3871VM
A30: 20 | B30: Johan Frisohof | C30: Lieske | D30: =VLOOKUP(B30,'Hoevelaken-adressenlijst'!$A$1:$E$1739,1) -> 3871VM
A31: 71 | B31: Julianalaan | C31: Pieter | D31: =VLOOKUP(B31,'Hoevelaken-adressenlijst'!$A$1:$E$1739,1) -> 3871VM
A32: 8 | B32: Kastanjelaan | C32: Fridtjof | D32: =VLOOKUP(B32,'Hoevelaken-adressenlijst'!$A$1:$E$1739,1) -> 3871VM
A33: 16 | B33: Kievitlaan | C33: Tijmen | D33: =VLOOKUP(B33,'Hoevelaken-adressenlijst'!$A$1:$E$1739,1) -> 3871VM
A34: 57 | B34: Kijftenbeltlaan | C34: Fridtjof | D34: =VLOOKUP(B34,'Hoevelaken-adressenlijst'!$A$1:$E$1739,1) -> 3871VM
A35: 47 | B35: Klaprooslaan | C35: JanWillem | D35: =VLOOKUP(B35,'Hoevelaken-adressenlijst'!$A$1:$E$1739,1) -> 3871VM
A36: 2 | B36: Koninginneweg | D36: =VLOOKUP(B36,'Hoevelaken-adressenlijst'!$A$1:$E$1739,1) -> 3871VM
A37: 12 | B37: Koningshof | C37: Monique | D37: =VLOOKUP(B37,'Hoevelaken-adressenlijst'!$A$1:$E$1739,1) -> 3871VM
A38: 14 | B38: Koolmeeslaan | C38: Tijmen | D38: =VLOOKUP(B38,'Hoevelaken-adressenlijst'!$A$1:$E$1739,1) -> 3871VM
A39: 5 | B39: Korenbloemlaan | D39: =VLOOKUP(B39,'Hoevelaken-adressenlijst'!$A$1:$E$1739,1) -> 3871VM
A40: 6 | B40: Laantje van Hilhorst | D40: =VLOOKUP(B40,'Hoevelaken-adressenlijst'!$A$1:$E$1739,1) -> 3871VM
A41: 6 | B41: Leeuwenbeklaan | D41: =VLOOKUP(B41,'Hoevelaken-adressenlijst'!$A$1:$E$1739,1) -> 3871VM
A42: 20 | B42: Leeuweriklaan | C42: Tijmen | D42: =VLOOKUP(B42,'Hoevelaken-adressenlijst'!$A$1:$E$1739,1) -> 3871VM
A43: 10 | B43: Lindenhof | D43: =VLOOKUP(B43,'Hoevelaken-adressenlijst'!$A$1:$E$1739,1) -> 3871VM
A44: 9 | B44: Margrietlaan | C44: JanWillem | D44: =VLOOKUP(B44,'Hoevelaken-adressenlijst'!$A$1:$E$1739,1) -> 3871VM
A45: 24 | B45: Mauritslaan | C45: Monique | D45: =VLOOKUP(B45,'Hoevelaken-adressenlijst'!$A$1:$E$1739,1) -> 3871VM
A46: 41 | B46: Meerveldlaan | C46: Tijmen | D46: =VLOOKUP(B46,'Hoevelaken-adressenlijst'!$A$1:$E$1739,1) -> 3871VM
A47: 16 | B47: Meidoornlaan | C47: Fridtjof | D47: =VLOOKUP(B47,'Hoevelaken-adressenlijst'!$A$1:$E$1739,1) -> 3871VM
A48: 8 | B48: Mulderslaantje | C48: Fridtjof | D48: =VLOOKUP(B48,'Hoevelaken-adressenlijst'!$A$1:$E$1739,1) -> 3871VM
A49: 18 | B49: Nachtegaallaan | C49: Tijmen | D49: =VLOOKUP(B49,'Hoevelaken-adressenlijst'!$A$1:$E$1739,1) -> 3871VM
A50: 1 | B50: Narcislaan | D50: =VLOOKUP(B50,'Hoevelaken-adressenlijst'!$A$1:$E$1739,1) -> 3871VM
A51: 61 | B51: Nassaulaan | C51: Monique | D51: =VLOOKUP(B51,'Hoevelaken-adressenlijst'!$A$1:$E$1739,1) -> 3871VM
A52: 59 | B52: Oosterdorpsstraat | D52: =VLOOKUP(B52,'Hoevelaken-adressenlijst'!$A$1:$E$1739,1) -> 3871VM
A53: 6 | B53: Oranjelaan | D53: =VLOOKUP(B53,'Hoevelaken-adressenlijst'!$A$1:$E$1739,1) -> 3871VM
A54: 6 | B54: Ottersgat | C54: Pieter | D54: =VLOOKUP(B54,'Hoevelaken-adressenlijst'!$A$1:$E$1739,1) -> 3871VM
A55: 39 | B55: Ottoborrengoed | C55: Fridtjof | D55: =VLOOKUP(B55,'Hoevelaken-adressenlijst'!$A$1:$E$1739,1) -> 3871VM
A56: 21 | B56: Otwardplaats | C56: Fridtjof | D56: =VLOOKUP(B56,'Hoevelaken-adressenlijst'!$A$1:$E$1739,1) -> 3871VM
A57: 25 | B57: Parklaan | C57: JanWillem | D57: =VLOOKUP(B57,'Hoevelaken-adressenlijst'!$A$1:$E$1739,1) -> 3871VM
A58: 30 | B58: Pastoorakker | C58: Fridtjof | D58: =VLOOKUP(B58,'Hoevelaken-adressenlijst'!$A$1:$E$1739,1) -> 3871VM
A59: 3 | B59: Pluviersingel | C59: René | D59: =VLOOKUP(B59,'Hoevelaken-adressenlijst'!$A$1:$E$1739,1) -> 3871VM
A60: 9 | B60: Prikkebeenhof | D60: =VLOOKUP(B60,'Hoevelaken-adressenlijst'!$A$1:$E$1739,1) -> 3871VM
A61: 15 | B61: Prinsenhof | C61: Monique | D61: =VLOOKUP(B61,'Hoevelaken-adressenlijst'!$A$1:$E$1739,1) -> 3871VM
A62: 18 | B62: Ree√´nspoor | C62: Pieter | D62: =VLOOKUP(B62,'Hoevelaken-adressenlijst'!$A$1:$E$1739,1) -> 3871VM
A63: 8 | B63: Regentessepad | C63: Lieske | D63: =VLOOKUP(B63,'Hoevelaken-adressenlijst'!$A$1:$E$1739,1) -> 3871VM
A64: 32 | B64: Reigerlaan | C64: René | D64: =VLOOKUP(B64,'Hoevelaken-adressenlijst'!$A$1:$E$1739,1) -> 3871VM
A65: 19 | B65: Remvardplaats | D65: =VLOOKUP(B65,'Hoevelaken-adressenlijst'!$A$1:$E$1739,1) -> 3871VM
A66: 7 | B66: Resedalaan | D66: =VLOOKUP(B66,'Hoevelaken-adressenlijst'!$A$1:$E$1739,1) -> 3871VM
A67: 53 | B67: Ridderspoor | C67: Pieter | D67: =VLOOKUP(B67,'Hoevelaken-adressenlijst'!$A$1:$E$1739,1) -> 3871VM
A68: 5 | B68: Roerdomplaan | C68: René | D68: =VLOOKUP(B68,'Hoevelaken-adressenlijst'!$A$1:$E$1739,1) -> 3871VM | E68: =A16+A27+A59+A64+A68 -> 95
A69: 6 | B69: Rozenlaan | C69: JanWillem | D69: =VLOOKUP(B69,'Hoevelaken-adressenlijst'!$A$1:$E$1739,1) -> 3871VM
A70: 33 | B70: Seringenlaan | D70: =VLOOKUP(B70,'Hoevelaken-adressenlijst'!$A$1:$E$1739,1) -> 3871VM
A71: 11 | B71: Smalle Streek | C71: Fridtjof | D71: =VLOOKUP(B71,'Hoevelaken-adressenlijst'!$A$1:$E$1739,1) -> 3871VM
A72: 6 | B72: Spechtlaan | C72: Tijmen | D72: =VLOOKUP(B72,'Hoevelaken-adressenlijst'!$A$1:$E$1739,1) -> 3871VM
A73: 12 | B73: Sportweg | C73: Tijmen | D73: =VLOOKUP(B73,'Hoevelaken-adressenlijst'!$A$1:$E$1739,1) -> 3871VM
A74: 14 | B74: Stadhouderserf | D74: =VLOOKUP(B74,'Hoevelaken-adressenlijst'!$A$1:$E$1739,1) -> 3871VM
A75: 61 | B75: Stoutenburgerlaan | C75: Tijmen | D75: =VLOOKUP(B75,'Hoevelaken-adressenlijst'!$A$1:$E$1739,1) -> 3871VM
A76: 11 | B76: Twaalfmorgenland | C76: Fridtjof | D76: =VLOOKUP(B76,'Hoevelaken-adressenlijst'!$A$1:$E$1739,1) -> 3871VM
A77: 28 | B77: van Aalstplein | C77: JanWillem | D77: =VLOOKUP(B77,'Hoevelaken-adressenlijst'!$A$1:$E$1739,1) -> 3871VM
A78: 34 | B78: van Dedemlaan | C78: Fridtjof | D78: =VLOOKUP(B78,'Hoevelaken-adressenlijst'!$A$1:$E$1739,1) -> 3871VM
A79: 43 | B79: van Lyndenlaan | D79: =VLOOKUP(B79,'Hoevelaken-adressenlijst'!$A$1:$E$1739,1) -> 3871VM
A80: 26 | B80: van Zuylenlaan | C80: Fridtjof | D80: =VLOOKUP(B80,'Hoevelaken-adressenlijst'!$A$1:$E$1739,1) -> 3871VM
A81: 6 | B81: Walter Stranglaan | D81: =VLOOKUP(B81,'Hoevelaken-adressenlijst'!$A$1:$E$1739,1) -> 3871VM
A82: 32 | B82: Westerdorpsstraat | D82: =VLOOKUP(B82,'Hoevelaken-adressenlijst'!$A$1:$E$1739,1) -> 3871VM
A83: 33 | B83: Wilhelminalaan | D83: =VLOOKUP(B83,'Hoevelaken-adressenlijst'!$A$1:$E$1739,1) -> 3871VM
A84: 17 | B84: Willem de Zwijgerlaan | D84: =VLOOKUP(B84,'Hoevelaken-adressenlijst'!$A$1:$E$1739,1) -> 3871VM
A85: 29 | B85: Willem-Alexanderdreef | C85: Lieske | D85: =VLOOKUP(B85,'Hoevelaken-adressenlijst'!$A$1:$E$1739,1) -> 3871VM
A86: 9 | B86: Zonnebloemlaan | C86: JanWillem | D86: =VLOOKUP(B86,'Hoevelaken-adressenlijst'!$A$1:$E$1739,1) -> 3871VM

Sheet Blad2
A1: postcode | B1: huisnummer | C1: toevoeging | D1: straat | E1: plaats
A2: 3871MA | B2: 1 | D2: Heribertlaan | E2: Hoevelaken | F2: 48 | G2: 3871M
A3: 3871MA | B3: 2 | D3: Heribertlaan | E3: Hoevelaken | F3: 44 | G3: 3871M
A4: 3871MA | B4: 3 | D4: Heribertlaan | E4: Hoevelaken | F4: 49 | G4: 3871M
A5: 3871MA | B5: 4 | D5: Heribertlaan | E5: Hoevelaken | F5: 50 | G5: 3871M
A6: 3871MA | B6: 5 | D6: Heribertlaan | E6: Hoevelaken | F6: 47 | G6: 3871M
A7: 3871MA | B7: 6 | D7: Heribertlaan | E7: Hoevelaken | F7: 45 | G7: 3871M
A8: 3871MA | B8: 7 | D8: Heribertlaan | E8: Hoevelaken | F8: 46 | G8: 3871M
A9: 3871MA | B9: 8 | D9: Heribertlaan | E9: Hoevelaken | F9: 51 | G9: 3871M
A10: 3871MA | B10: 9 | D10: Heribertlaan | E10: Hoevelaken | F10: 43 | G10: 3871M
A11: 3871MA | B11: 10 | D11: Heribertlaan | E11: Hoevelaken | F11: 42 | G11: 3871M
A12: 3871MB | B12: 1 | D12: Andreaslaan | E12: Hoevelaken | F12: 5 | G12: 3871M
A13: 3871MB | B13: 2 | D13: Andreaslaan | E13: Hoevelaken | F13: 6 | G13: 3871M
... A97: 3871TD | B97: 51 | D97: van Dedemlaan | E97: Hoevelaken | F97: 122 | G97: 3871T
